0,1,2,3,4,5,6,7,8,9,10,11,12,13,14,15,16,17,18,19,20,21,22,23,24,25,26,27,28,29,30,31,32,33,34,35,36,37,38,39,40,41,42,43,44,45,46,47,48,49,50,51,52,53,54,55,56,57,58,59,60,61,62,63,64
nan,0.0005238074100665171,0.0006862885622072833,0.0002020702909380154,0.00029978655982907927,0.0007238009253500858,0.000725746727655968,3.016342513890812e-06,0.0013278421637082417,0.0006900963788796305,0.00010409772736479192,0.0016317460291839468,5.4842691814003166e-05,0.004090646893163266,0.0002032760179100552,0.0006723510312333784,0.0006892147807394287,0.0006546634747740753,0.0007597389720007904,0.0022793375973517546,0.0027108071668695537,0.001103151668365813,0.004724477426333776,0.0017026173457986645,0.00038559387936671784,4.726729530204992e-05,0.00036983920845671435,0.004272626577931767,0.0006294982964436728,0.00020570725131919968,0.00019536192184353444,0.00013366142299328323,0.00013504350939698938,0.0010537763316076471,0.008321509207393742,1.8155605294462317e-06,0.00038495247719889285,0.00015708687520285262,0.00047600598336334355,2.3623734367501685e-05,0.00020570725131919968,0.00044470549217167857,0.00018331517474998984,0.0011994944197264048,0.000393926362182263,0.00021615083373026508,0.00019688462990472206,0.0018372177563665503,0.00021705097882309367,0.0003167180550522858,0.0003815345139597316,0.0007078960521863449,0.00042159830968203563,0.0008700314110094583,0.0001459912518234842,0.00029978655982907927,2.493409115007267e-05,0.002599520473283675,9.252341138251598e-05,0.0028463945487134756,0.00013116856390959746,0.0009794383652710133,0.002000038695398432,0.0010710302024988275,0.0003991684166003985
nan,nan,1.843459150628663e-05,0.0010698569294108134,0.0004970613881222052,0.0021345386406612598,0.0006298522388520596,2.7078109702748337e-06,3.3538868194245754e-05,0.00027316947994151185,0.0019179574629133848,0.0022488648980344655,0.0009174859534247484,0.00280507950054173,0.0021111815708698056,4.9041386353299146e-05,3.0540267333260986e-05,5.514790160504941e-05,0.0021111815708698056,2.4297843408074227e-06,7.473281875154944e-05,0.00042939921870836664,0.00022088630921693626,0.001555071438037907,0.00010612783697285486,0.001380274855740771,0.0006838671083561861,0.0006435232524613365,1.1682590841206951e-05,0.002610231406236062,0.0006773312197045688,0.0015695653781821544,0.000950645725615456,0.001942757610811352,0.0029471387808299087,0.0001311812915906608,0.0009713430684857263,5.190093248748994e-06,9.026243768930281e-06,0.00024065784264429754,9.240883738655593e-05,6.205498152443673e-05,0.0003145861838616875,0.003250941838067791,0.0003229541078136369,3.8231787899757413e-07,0.0018929627948509726,4.591640914511729e-05,0.001831787626791596,1.0358360131242436e-06,9.330470626592861e-07,0.0002842267154337407,0.002597527201091686,0.0003878481863124074,0.0006435232524613365,0.0004970613881222052,0.006166564835307698,0.0003479699944224607,0.0020639542723557038,0.00019265536523511962,0.000610585444039989,1.8589910458590658e-07,1.264501658382857e-05,0.000521879672686062,0.0012340202494165425
nan,nan,nan,0.0002053621903156253,0.0021495755611107975,4.20891440148528e-05,0.00034657806646190743,1.2145636940280122e-05,5.8103642840387485e-05,0.0028184910957614272,3.7265118087588813e-06,0.0002614422666142151,8.071106502512121e-07,0.0024823823236932692,3.613191180901364e-05,0.00031052457950332197,0.0022072574702086097,0.0027781782209758514,3.613191180901364e-05,0.002071576626533913,0.002370392156956102,0.0003317104986385157,8.667544687975283e-07,6.580672827647068e-05,0.0001375503532681679,3.441414139953153e-05,7.253507587203688e-05,8.989668848961003e-06,0.00024671812075432087,0.0002413327048629693,0.00022715765501287707,0.0002556076531325888,0.0002270520671480049,6.094033886373684e-06,0.0011172528729335106,0.00019782710289154915,2.5985340368408886e-05,0.003934439921289123,1.3257556196131152e-06,3.578868220995548e-05,0.0002413327048629693,0.0015942749193899072,0.0002248152631818267,0.00014534208822644323,0.0010181173799317224,0.0019080833464749653,0.0006459253754859632,0.0016366448510004197,0.0021833073743086785,0.00045717697742406497,0.0013494814995952313,1.8535988798342126e-05,0.00031871655599546075,5.997639745594494e-07,0.0020107724833855287,0.0005633727332255545,1.1199496794229919e-05,6.936316256997104e-05,2.5368451049100527e-05,0.001040435208431453,0.0020030529937743887,0.0005239484151380435,4.4108904466890925e-06,9.90664428627423e-06,0.0001375503532681679
nan,nan,nan,nan,0.005973457482720328,3.5124731960521967e-06,0.00010672101912353713,5.1188382058604085e-05,8.688529897496572e-06,0.002430560098864552,0.0017264271010088655,1.9565773352186597e-07,0.0016169608558630239,1.467113801331702e-05,0.0018920083868887337,0.0031582644267821305,1.9523872453075504e-06,0.0023979888528341004,0.0009621127459758552,2.9434679554988656e-05,0.0006617882168986305,2.0036245723239607e-05,3.8397995136932614e-05,0.002469721781917788,0.0021395594476791495,0.0030865759219806123,0.00043384870280228845,2.9434679554988656e-05,0.0032704093700981606,5.2570938586340864e-05,0.0002077344094616415,0.0009193898785966003,0.00016516965084392436,3.559252743945769e-05,9.100537943554813e-06,0.00042260951597713364,0.0005530223645174318,0.0001506720627811679,0.0025722807612607616,0.0023815479521130905,0.0023147140677269914,0.0024747694802081054,0.0006427225421440478,0.0003165742182958274,0.00035652146911652866,0.0016832277989599275,5.005137871201573e-05,0.00019449548484127955,3.5124731960521967e-06,9.115275115529931e-05,8.052270306274839e-05,0.00010006464920172934,0.0007620861986175728,0.00013241595997281805,0.0035573188072099853,0.0027212664134510602,0.00014223864198712163,0.0019901409053335634,0.001851643135949395,0.0021576284868576653,0.001789831336202196,8.590343278932527e-05,0.001571758202150716,5.623150017547945e-05,1.1738348714761252e-05
nan,nan,nan,nan,nan,7.309847990161339e-06,0.005372754606391465,6.718571627225901e-05,1.5841302633212333e-05,0.001445339751575603,0.001704633823669651,0.0008139322973050953,0.00010528561009329857,0.0005834166453686882,0.0018671268536565636,0.0023788861250215914,0.0019060849420059016,6.699620313239722e-05,1.0168327497457135e-05,0.0013046816323321704,0.002037694264017109,0.00091945762996019,0.0033066609849451366,0.0025946206279929503,6.791395906088341e-06,0.004268386672728748,0.00037675952225589847,0.0017463058424648438,0.0032155255758145435,0.0003897768786731007,0.00017616844881080328,0.00015473008171531263,0.0008945893829915589,4.631293892609146e-05,0.004701096065284568,0.001931133948428051,1.6983222206879138e-05,0.0006303307450664298,0.0001372456674338518,0.003460409601686654,0.002281375944171733,0.0006104086742162204,0.0009144867477022384,0.000660979272107625,0.0004094340647336178,7.203929056144367e-05,6.268171500738909e-05,0.0002193693478405177,0.000993786841039164,5.5518118545322035e-06,4.939905131317507e-05,0.0031930462139549975,0.000716966570199704,0.0011038080530398628,3.922957265424175e-05,0.00021317788823289348,0.0019845730672676614,0.002784330598573896,1.7484940761903024e-05,9.064624421797216e-06,3.2835482512554604e-05,0.0009348069768070382,0.0015527235931727876,0.00022938903517515422,6.791395906088341e-06
nan,nan,nan,nan,nan,nan,0.0014937965832273559,0.0029426531680825656,0.002375792658282906,0.0017143225938926893,0.0012783612765198064,0.0014571518512099858,0.0012076234439420482,0.0022979387847556747,0.00045624023876579225,0.0017045848662759551,0.0014086549986980714,8.680578984726124e-05,0.0013836754907349611,0.001305548533213188,0.00028727086854047826,0.002416962822264951,0.000261663144757125,0.001035773940881901,0.0015377267323472739,0.0020986396970520387,0.002039200651229386,0.001305548533213188,5.0095636456799556e-05,0.0016445513365136435,0.0006305420663942882,0.0002003204288879764,0.0015078765850897915,0.001292030332070751,0.00024360996525658833,0.0001610710692278201,0.001108954933165418,0.0022304624066464295,3.205725541473881e-05,0.0016848850196174154,0.0001241855533762906,0.001014945564453648,5.287601893909969e-05,8.218259320787654e-08,0.00040380350214093094,0.0012505561699479608,0.001264537790176352,0.0011609250538925438,0.0013962283342603846,0.00028454425634278594,0.0002028918070253423,0.0015298018174869903,0.00022366926035971088,2.8640518357741235e-05,0.001305548533213188,0.000993786841039164,0.0011479164151410135,0.00035468089269016404,0.0013581801991802824,0.0015488255100995709,0.001318919335367098,0.0018609319988254554,0.0011781367831519291,0.001903579498264181,0.00023024261939722266
nan,nan,nan,nan,nan,nan,nan,0.00010672101912353713,0.00010866390092575841,0.0005436891853841675,0.0015722586579910126,3.110655299103599e-05,0.0002445085315057803,0.001945624061019494,7.10076601699516e-05,1.169225162790841e-05,5.547356902012916e-05,0.0022144567229741177,7.10076601699516e-05,0.0001335433555520169,0.001142909525330579,0.0006314668221994836,0.0004294184948738493,0.0012476803447857955,0.0019300867290925018,5.117071757331432e-05,0.0002050017765496523,0.0016092691341260729,0.0003689188536362546,1.7314700091102411e-06,0.00042791517052415763,0.0006943159243773442,6.887084624881915e-06,0.00014661843275731213,0.0019144285276690102,2.97518565528335e-08,0.00016783435095513757,4.528330505635291e-06,0.0037306890450939136,7.477132912260345e-06,0.008011598522901911,0.00016761113922129583,0.00046945249351681463,0.0011102178963638602,0.001052239889115781,0.0021517478807979358,0.0015534876249808976,0.0013340815512618198,0.001733579810147968,5.049901102178054e-07,5.028976820122584e-07,0.002193043614555063,4.617931311398176e-10,0.0023128954437994127,0.001884128214916557,0.0002488814702621707,0.00033193654095159386,0.003758294952225455,0.0016812606525131492,4.584238327198606e-06,0.00012128344542756199,0.0023891397872133646,0.001436899144799611,0.00010124088269464597,6.5044699494755805e-06
nan,nan,nan,nan,nan,nan,nan,nan,0.0015069094036037165,0.002430560098864552,4.245336145979311e-05,1.9565773352186597e-07,0.0016169608558630239,1.467113801331702e-05,5.561173899151662e-06,0.0024143257494383175,1.9523872453075504e-06,0.0002695935964011009,0.0009621127459758552,2.9434679554988656e-05,3.08222806866667e-06,0.0001410933920580577,0.0033637907211406474,0.0013571674908704051,0.0021395594476791495,7.372789195603796e-08,4.166458211325438e-06,0.0017688779130578718,1.8022973739665547e-05,0.0023147140677269914,0.0045742812867708696,0.00018100528851240134,0.00016516965084392436,0.0017477443031795423,0.0005809966208688431,0.002246091130241444,7.20509937767206e-06,0.0001506720627811679,0.0025744675960210303,0.0023815479521130905,5.2570938586340864e-05,1.2113262121169192e-05,0.0006427225421440478,0.0005998510482793156,0.0014922985257082044,5.842283853094035e-05,0.0017049228020717868,0.0014549125713478003,3.5124731960521967e-06,0.0014478584917799846,6.473022258452697e-05,0.002446693327978077,5.4221724815002486e-05,0.0025875635436305097,2.9434679554988656e-05,6.718571627225901e-05,0.00014223864198712163,6.001920516733259e-11,0.001851643135949395,0.0021576284868576653,2.3947538754539346e-05,8.590343278932527e-05,0.001571758202150716,0.00025470791599475093,1.1738348714761252e-05
nan,nan,nan,nan,nan,nan,nan,nan,nan,0.00247834194055398,0.0018162632801319238,0.0005261112624184058,0.006675481387051823,0.0022821511960655393,9.504495895748523e-07,0.00013646482937139273,3.719926570916075e-06,0.00015084403934745555,9.504495895748523e-07,4.268897942322417e-06,2.562185420553885e-05,0.0025697894614154977,0.001234572909147383,0.0020018304504340017,4.521322839943589e-05,1.957573255013618e-05,0.0005539082042442367,0.0018619540675696498,0.0008122309058691698,0.0024527889734749855,0.0003633031926882147,4.242936329338851e-06,0.0008348759417671156,6.768226708997849e-06,3.9898538802262094e-05,0.0013988443208697928,0.0001404085931614992,5.638039019701098e-05,0.0027335248179313014,0.0001573336195890527,0.00020520510337014388,0.00015284326748143392,0.0008235527468812921,0.0003831901462489838,0.005293936010066399,0.0017698083125837222,0.0010516149814752962,0.00011001498868023305,0.0006689445971477445,0.0002126761283246937,0.00014810097333025967,0.0001764802277789644,0.0021344580773975217,0.00025959843154622035,4.268897942322417e-06,0.0028964094382911074,0.0014857897559855762,1.0948330046914833e-05,0.001951149998948292,5.078690491850465e-05,2.369347998816783e-06,0.0005926899308675422,5.2272735106412926e-05,1.0815384178798573e-05,0.0003672809853532864
nan,nan,nan,nan,nan,nan,nan,nan,nan,nan,0.0001786701636404783,0.001330390669557721,0.001461320092892553,0.0010206148057380422,0.001618573943359743,7.596246751716118e-06,0.0017311795543441164,0.0006288989630792353,0.0016973171641854138,0.0015920016445783104,2.419879012832072e-05,1.4110021322300598e-05,0.0004024366581874731,0.003583294214184722,1.0384276180453743e-05,0.0026968118023938683,0.00018659334637445116,0.0001500370532998739,0.0030711199338015675,0.00075057698048591,5.960621641918e-05,0.0029926201942585234,0.002867266139307787,0.0015738725204443712,1.323520353175571e-05,0.001997444370956916,0.00019830695381932532,0.0028864800597036056,0.0004168493541304413,4.2864189000831555e-06,0.002587516588569418,0.004116262921318857,1.3649318931470354e-05,0.002500336920026848,0.00017432084829830896,0.00021095966068113576,0.0015370895819940033,0.001320953139451918,0.0017143225938926893,0.0004871264391596857,1.1041120412792252e-08,1.1740807005761942e-05,0.00043955386879094535,0.00040079817732524363,0.0015920016445783104,7.846762036138461e-05,0.0013823942587695912,4.507484270462092e-05,0.001662849446514629,0.0010206148057380422,0.0016099605624171915,0.001546647121706466,0.0014222691742543628,8.842606478625114e-05,1.0384276180453743e-05
nan,nan,nan,nan,nan,nan,nan,nan,nan,nan,nan,0.0013317020770260409,0.001112348680102381,0.0014117314787137497,0.0012673544744789406,0.00018827044627156193,0.0006423641263279473,0.0015386174848661216,0.00407669640363269,0.0011987181568912722,0.00047877202764938016,7.091565674170309e-05,0.002022788714216865,0.0009597628917019337,0.00040249849030398415,3.530355782325656e-07,0.0009442980006208623,0.0011987181568912722,6.372835805080002e-06,0.000254187119690332,4.812736490653929e-07,0.001167771156132464,0.0019888482772718293,0.0011868183090597265,0.0013922917661396224,0.0003070758634227364,0.0004097057374655268,0.0020002672546032916,0.0001073261585765376,0.00020860737794907335,0.0014950228111727396,2.1217681817181575e-05,0.0005590414852355108,2.4086916402330145e-05,3.680694061323341e-05,0.0010451704600955157,0.0011625946083006521,0.0010179489423539354,0.0006693837047443354,0.0006089553623858265,0.0003942381155333988,0.0001694328206816084,0.00042353281478304925,0.0016365529795737469,0.0011987181568912722,5.4118644064902755e-05,0.0010594879984931005,0.0013212515301648255,0.004273121709085698,0.0014117314787137497,0.004590210733240785,0.004119723725831469,0.0010862627190951694,4.614581833776308e-05,0.0014020567141017316
nan,nan,nan,nan,nan,nan,nan,nan,nan,nan,nan,nan,0.0006994734638034358,0.00015197994953379927,0.0014437761356935735,0.0017867398425985943,0.0014703965875274318,0.0017762247377764943,0.002867737781809986,0.0004904705442225089,0.0015596589583431913,5.5972163301347724e-05,0.00011816682655848989,0.0010746156603491962,0.0020493798555653005,0.00038174753557158783,0.00048301997308058096,0.0013606092165832772,0.00023640681919062436,0.0017224311204032299,0.00045034347599484794,0.002603245180929881,0.00022071301369534064,0.0013462336013409571,0.002102405291837511,0.00010596871267645814,0.00014410360303404452,0.00010256353498516416,0.001056596209719984,5.333514100313985e-05,0.0017224311204032299,0.0002521440204730431,0.0023306721597827415,0.0020621411830166318,0.0005013970343428373,0.0006019499888003601,0.0005722156169239098,0.0011437141379802543,0.0003367653723065476,0.0010017560701750632,0.0024357753440957977,0.0018075370072902117,0.0001385324927885862,9.084914486158909e-06,0.0004904705442225089,0.001982163213594126,0.001193264142815866,0.0015093714775005487,0.0014166205584093257,0.00015197994953379927,0.0004655259422414238,1.5194808492678637e-06,0.0012252969318080594,2.892526697798183e-08,0.0001626068035480119
nan,nan,nan,nan,nan,nan,nan,nan,nan,nan,nan,nan,nan,0.0013298914287315756,0.0011975132773925695,0.0014536168884033865,0.0012176237694564223,0.0014458512818473223,0.0008758340122466803,0.0011343948629001968,0.0012847498538367753,0.002010413020172187,1.5028104448620612e-06,0.0009135404371609199,0.0005352738450000455,1.1829321184610102e-05,0.0017165809774016632,0.0011343948629001968,0.0007533367165739364,0.0014060467788408807,6.819818263262741e-06,0.000309142387633907,0.0018552811465232595,0.0011234383719983033,0.0013120959058520812,0.0004226084974658488,2.163763219673144e-07,0.0018656366624862216,0.0015280129530906596,0.001438022148221306,0.00035924805913274563,1.7332832249967716e-06,0.0018500661651716665,6.065663548058433e-05,0.0020067065377836323,0.0010897558761527142,0.0011011223655217205,0.0009674918337751228,0.0012076234439420482,0.005744298991319098,0.0019258007636660962,0.001468961991553751,0.0005794032269508683,0.0015351481297416862,0.0011343948629001968,0.0015971330685856221,0.0010059364904413933,0.0007263446746651871,0.0009434976773108144,0.007813837263925765,0.001054670162585132,0.001576901380645279,0.0010306864746017367,0.0016103953381086877,0.0013210359951841449
nan,nan,nan,nan,nan,nan,nan,nan,nan,nan,nan,nan,nan,nan,0.00023263075341277124,9.947501072098472e-06,0.0002029757896842626,0.0018996818597013844,0.00023263075341277124,0.0014432747360040206,0.0016612234992361007,0.0027636038955308646,0.00020236442881069492,0.001132548359537352,8.521582634170889e-05,0.0023808085833510297,0.00031358696313268784,0.0014432747360040206,0.000161745066994061,2.7992041425075846e-05,0.0009532469771376083,0.0003920611358946633,0.0025230328415914343,0.0014275845605346681,9.321909853998778e-05,0.001390976215992383,0.00057261934498192,0.00010356463184904365,0.0020229994964823393,1.4816276340551485e-05,0.0018403327233128377,0.0011464699199982393,0.00016669819105083426,2.916602587384426e-05,0.0006650707390429582,0.0013795219961133345,0.001395711870830314,0.0007577347637181883,0.0015488255100995709,1.6637794301107343e-05,0.0019251256467112305,6.124770619654225e-06,0.00022877397193891448,1.5921051653945564e-07,0.0003412931783718453,0.0021275234170804623,0.0038659395571184487,0.001606043295238108,0.0015044748165085797,7.767389987319771e-05,0.0014588055090003994,4.694237330210624e-06,0.0012958784926375864,1.2671922925156844e-05,8.521582634170889e-05
nan,nan,nan,nan,nan,nan,nan,nan,nan,nan,nan,nan,nan,nan,nan,0.0016877210267918059,0.0013959355769552317,9.628456740978589e-05,0.0013712902445502694,0.001294190733837628,0.0026658547015090657,0.00015567881842751364,6.581417378511133e-05,0.0010277346310158975,0.0002459051762355676,0.002075840777084129,2.852480284484705e-06,0.001294190733837628,0.002179267885726793,0.001628553655940651,3.0265505427990594e-05,8.506170231609987e-05,4.882862514542194e-05,0.0006660150459887828,0.006055422973966671,0.0015874941402134564,0.00020209657996697752,0.0003160378098557211,0.006980261421970065,0.00010341900481838352,0.00013555604848544477,0.000759317414045494,0.0021858978316609042,5.911633886444277e-07,0.0003848438479388663,0.001239904716951886,0.0012537081155241862,0.0010923158566148161,0.0013836754907349611,0.00030793522888336177,9.098486432188913e-05,7.685859528515678e-05,0.00024161201260263724,0.001789485668647978,0.001294190733837628,0.0018671268536565636,0.0010486458750456238,0.0014319909803160058,0.0005269840890664534,0.0023635118299998614,0.0013073876524738084,1.636231991745586e-05,0.0011683930389170805,0.001883767092828523,0.0002459051762355676
nan,nan,nan,nan,nan,nan,nan,nan,nan,nan,nan,nan,nan,nan,nan,nan,0.0017213008156295746,0.0006513747413612267,0.0016877210267918059,0.0015832671905918999,0.0067819854460072675,0.0002023554371331782,5.700608766434538e-06,0.0005949408600867976,1.2704858625430413e-05,7.056714817556012e-05,0.00017757360156050105,0.0015832671905918999,1.9043562539583726e-05,9.689491479897775e-08,0.00041213030290869663,2.4295143049989233e-05,0.0028466675171729245,0.00156528369400456,0.001121720701909445,0.001985256005997017,1.1412747338191797e-05,0.002865684162716288,0.0022560862702952706,0.002098072759645815,0.002042474180592395,0.0005465108955636546,0.002837097124171707,0.0012115412241307925,0.00016369191365937647,0.002289585750607028,0.0022164119569571083,0.0013143077499254848,8.03691228570287e-05,0.00014500737218798573,0.000447638169986426,0.0005852409815774954,0.00042556453700547564,0.0018134695850195147,0.00015880348918607612,0.0023788861250215914,0.001375292418602452,0.00396749210013929,0.00010968757364443749,0.0010500461097263816,0.00014535261571243545,0.0015871076860724505,0.00032303514871843904,0.00026693496967338133,0.001896154592522387
nan,nan,nan,nan,nan,nan,nan,nan,nan,nan,nan,nan,nan,nan,nan,nan,nan,7.795266539201685e-05,0.00043451558619104716,0.0005836905766813989,0.0015060461761835094,9.399847342117894e-05,0.00024316861318077958,0.0013505542149603992,0.001552076797282997,0.004032281605916044,0.00219593261594677,0.0013167877399063526,0.002227976152743199,0.00011347805828233546,4.387282079354808e-05,0.0007397351045684375,6.293799245245131e-05,0.0013030957554141394,0.0015407238769218452,0.0016181603163953812,0.0014224544424781757,6.911482509154572e-05,0.0018169016563281716,0.0017013166385047996,0.00011347805828233546,0.0029376396833815563,0.0014798490501191667,0.0019816055590940705,6.760825491921945e-09,0.0012610938765677225,0.0012752524693598656,0.0011098322218484448,0.0004130892079139206,0.0002623643563895211,0.00018673876553122683,0.001740984387283964,0.0002066576141617773,2.371896132524121e-05,0.0013167877399063526,4.954120960413974e-06,0.0011571850107469168,0.0027900772559160685,0.0013701041007386102,0.0015633298196466175,0.0005561552856659259,0.00187994687492399,0.0011877734276009991,0.0019232334691815524,0.001552076797282997
nan,nan,nan,nan,nan,nan,nan,nan,nan,nan,nan,nan,nan,nan,nan,nan,nan,nan,0.0016965101314263377,0.00016793137025384396,0.0012708599480120318,0.002022442533228362,7.87763394131527e-06,0.0012236584930675832,0.001884679824671671,0.0026589682330077353,0.00012508381809809034,0.00016793137025384396,2.2892780369405757e-05,0.0008008170179973661,1.956268623982776e-05,0.0006249281004390574,0.0003333962234021914,0.001556627037874481,0.0011530889179710657,0.001972980998800629,0.0005594149751000782,1.4300140928906608e-05,2.799172585387477e-05,0.0020847617912923572,9.802183357614786e-10,0.00022654291899009313,0.0028164830471625203,0.00011155543307548686,1.2074480001307693e-05,0.0015020662129236952,0.0015204317829309436,0.0004734012025810106,0.001694772761766107,0.0001580961943468121,0.0029544097993071086,0.0006070652185456425,0.0004116607326832095,0.003953858971620958,0.00016793137025384396,6.699620313239722e-05,0.0013681320614944291,5.489475450967356e-05,0.0018085412897976328,1.2246676200519331e-05,0.0015921320070232277,5.3975681171685074e-05,0.0014074015176105546,0.0023863589931338034,1.529079541680055e-05
nan,nan,nan,nan,nan,nan,nan,nan,nan,nan,nan,nan,nan,nan,nan,nan,nan,nan,nan,0.001294190733837628,0.0026658547015090657,0.00011768852064671932,0.002231458258502689,0.0010277346310158975,0.0024208310379900994,1.2279013171068281e-05,2.852480284484705e-06,0.001294190733837628,4.357974794107054e-05,0.00013555604848544477,3.0265505427990594e-05,8.506170231609987e-05,0.003414244345707658,0.003972497288922199,0.002479672159538861,0.00017406937354052257,1.1258572942347853e-05,0.0033301061316752213,0.001309840780360677,0.0016683067022652482,0.001628553655940651,8.834298811162706e-05,4.617679390074204e-05,0.0008324001988256675,0.0003848438479388663,0.0007643248541269062,0.0012537081155241862,0.0011996815832204864,0.0013836754907349611,0.0008301409597053532,0.0022818112263640377,0.0015809739286738944,0.0022631341529554946,0.001789485668647978,0.001294190733837628,0.0018671268536565636,0.00113854357691631,0.0014319909803160058,0.0013461332386189321,0.0015341834659541892,0.0013073876524738084,0.0033383512905897114,0.0009585014939839711,0.0009854366658723765,0.0002459051762355676
nan,nan,nan,nan,nan,nan,nan,nan,nan,nan,nan,nan,nan,nan,nan,nan,nan,nan,nan,nan,0.001392349176049824,8.988548062485789e-05,2.6088601842910054e-05,0.0017287935958989332,0.0014332779031413923,0.004913227306160067,1.8151527387494942e-06,0.001223397198988552,1.2896906670216702e-05,0.0002194244816241161,0.0004665637089836385,0.00016571596680525774,1.5832203412040077e-05,0.0008536136480486003,0.0014231888071629564,0.00026847180709065673,5.6875917912124294e-05,0.002052718785065343,0.0016191226232428382,0.0015655910135435936,0.0015293748908101659,0.0027992845087143245,0.002034912920466944,0.001073413843799305,0.0024739653094941988,0.0009668263352873324,0.0011861610099623877,0.0014624515184296627,0.001305548533213188,0.0006631987140287823,0.0015680068808650394,0.001600668578716164,0.0003710278699377802,7.994414460565173e-05,0.001223397198988552,0.0013046816323321704,0.0012913287275016351,0.0005124729572126443,0.0006921997352641177,0.0014432747360040206,0.000785256402144858,0.001392017999119098,0.0011075326866088163,3.251127718324105e-05,0.0014332779031413923
nan,nan,nan,nan,nan,nan,nan,nan,nan,nan,nan,nan,nan,nan,nan,nan,nan,nan,nan,nan,nan,0.00027332611204093307,0.00014807289482545504,0.0010969114006785614,0.00012959491744917026,0.0003203410793061079,3.330526166201651e-05,0.00042921852580828714,0.0011753595519827845,0.0014500894282273255,0.00010683912371040699,0.0005229622553740424,0.002408444041824955,0.0004534344904780635,0.00013950617129911353,0.0017212577079382212,0.0003242003473542592,0.0001620871294003266,0.0019394838578830227,3.5550601655460896e-05,5.496115822494577e-05,4.198542127243111e-07,0.00011781373173832169,1.1096526350653421e-05,0.0005618484744238231,0.0005330250201435843,0.001347239723383451,0.0011681862354673005,0.0014923221529598528,0.00025267821706449094,0.00018476432506373292,0.00117370773642213,0.0001707708152305886,2.856989528535411e-06,0.001392349176049824,8.70464536165224e-07,0.0007671139614686778,0.00022443639181420443,0.0003426191891567804,0.0016612234992361007,0.00040607457182969484,7.294010261957853e-09,0.001252427639445683,2.20256381014895e-06,0.0018865606750350116
nan,nan,nan,nan,nan,nan,nan,nan,nan,nan,nan,nan,nan,nan,nan,nan,nan,nan,nan,nan,nan,nan,6.100783498576138e-06,2.207636081148216e-06,0.0005056398373825541,9.824669941546965e-05,1.543237453861646e-06,8.988548062485789e-05,6.971829031947363e-05,6.179252496513077e-07,4.743302149580005e-05,0.00035792902922538946,1.8511321767405573e-05,0.00022978083019929872,0.0005315418916721687,0.0004218398391485898,4.922423831896275e-05,1.3570123914105641e-05,5.2997877528457486e-05,0.0005492509232750858,6.179252496513077e-07,0.00094966100743152,2.1297069627958702e-05,5.039918684001365e-06,0.0007892653470394604,5.369759226184965e-05,6.207611724243843e-05,1.6156656080370185e-06,0.006123486134098216,5.477142552377012e-05,0.0019067025527242463,1.7333943813651106e-05,0.00016636706955693782,0.0007657916490819851,8.988548062485789e-05,3.175150790925071e-05,0.0018962119873714525,6.43822514102806e-05,0.00014483462290357054,0.006623696109898466,9.997287385949603e-05,9.646332747994114e-05,0.0004287168957117716,0.0036268700398043217,1.499860056651122e-05
nan,nan,nan,nan,nan,nan,nan,nan,nan,nan,nan,nan,nan,nan,nan,nan,nan,nan,nan,nan,nan,nan,nan,3.5365323572483434e-05,9.379261108248556e-05,0.0010650772232154134,2.8745865239348586e-05,2.6088601842910054e-05,0.001388659877202391,2.471085672334371e-05,1.5623063195566237e-06,0.001885485269376355,0.000321860032038654,0.00044758231738901126,0.002524002439459284,0.00026122085617337346,8.50646184157094e-05,8.59794924693928e-06,0.000526136169382427,0.00036262271225707244,2.471085672334371e-05,0.0011623915350176192,0.00014197895342019903,0.0007998966852827024,0.00046385234630440307,0.000537797763925181,1.223859621688095e-05,9.984161449246157e-06,7.375873960755437e-05,0.00026654577820956106,0.00045106293471487734,0.002945491136250642,6.814242706456097e-05,0.0005401975406405368,2.6088601842910054e-05,0.00015174669722469987,1.4647909656817316e-06,0.002356142166899753,5.09865907177402e-05,0.0021612454616141375,0.00039416257983548696,0.00018290720144792066,0.0007193236962558203,0.0006977511638802707,0.00019110715910920206
nan,nan,nan,nan,nan,nan,nan,nan,nan,nan,nan,nan,nan,nan,nan,nan,nan,nan,nan,nan,nan,nan,nan,nan,0.001125565459441281,0.0014704555112543215,0.0014345075671405379,0.0017287935958989332,5.628921481761079e-05,0.0007148388683696414,0.00011398746891471391,0.0006901381587414384,5.047254939027638e-05,0.0009686403145672351,0.0011185118984561432,0.001166454240459698,9.01461044381912e-05,0.0015498552626798377,0.0012878864938686175,0.0006326501991734486,0.0011924494960221124,0.0001835433677372384,0.001537822206812374,0.00023021609809576,0.0014230396548098546,0.0009416512853423453,0.000950767647464738,0.0008429928491394926,0.001035773940881901,2.774664130612873e-05,0.0015963232937288832,0.0005593048365510788,0.005953297856471885,0.0012934530923779843,0.0009774030833756993,0.0013417440268321888,0.0008741379167080725,0.0010670208181626534,0.0015269433662798602,0.0009387704506911027,0.0009860542428450473,0.0013259948331241253,0.0008941273544689669,0.006014119447356575,0.001125565459441281
nan,nan,nan,nan,nan,nan,nan,nan,nan,nan,nan,nan,nan,nan,nan,nan,nan,nan,nan,nan,nan,nan,nan,nan,nan,0.002359979739997439,5.523465173315719e-05,0.006776262819057979,0.0010171051628573861,3.2532922497380276e-05,0.0009278735418159707,0.00037626000484715843,0.0001250132653557407,0.0014177483576965162,0.0017369788091668547,5.21386498378022e-05,3.184623765414776e-05,0.0001711199062131581,9.835488589822585e-08,0.0011477151663062321,3.2532922497380276e-05,0.0002629544242312497,0.00013080003889237533,2.497324969407528e-05,0.00012247049548640135,0.0013701725359989,0.001386199353623449,0.0011996622106762629,0.0015377267323472739,1.2558236896709166e-05,0.00023253041801041895,8.320288334203556e-06,0.002585605771543704,0.002017179704937755,0.0014332779031413923,6.791395906088341e-06,0.0006666592496811154,0.0015943322251212137,0.002560177377204174,8.521582634170889e-05,0.0003366723988288249,3.102091148830591e-06,0.001287356442800478,0.002129706315442582,9.311953418787521e-05
nan,nan,nan,nan,nan,nan,nan,nan,nan,nan,nan,nan,nan,nan,nan,nan,nan,nan,nan,nan,nan,nan,nan,nan,nan,nan,0.00014969838208112965,0.0019353982807397434,0.00013360447364329085,0.00012143331758998624,1.9714471105348298e-07,3.221131050831894e-05,0.00036740507959727203,0.0019113551178891325,7.792252810132864e-05,0.0001339093876472327,0.000425185563593387,0.0001573307335443989,1.926856800332784e-05,0.00020867366571422074,0.00017006872435052452,3.69546217436998e-05,0.0009780982609165004,0.003185403393376516,8.346593239942408e-05,0.00183807090651692,0.0008352690117469301,6.209558678181531e-05,1.5859363033579684e-05,7.232781733247483e-05,0.0011640554194299498,5.722417023462674e-05,0.0011270039629867404,0.003111955447159152,0.0007209443866952628,0.00045026392879167867,0.001659875013710817,0.0021881994064994544,6.382086213743276e-06,0.0023808085833510297,0.0006858560136705707,0.00042152240455412015,0.001711867912904035,0.0012235167461472918,8.526738915401115e-05
nan,nan,nan,nan,nan,nan,nan,nan,nan,nan,nan,nan,nan,nan,nan,nan,nan,nan,nan,nan,nan,nan,nan,nan,nan,nan,nan,0.0008619810564482506,8.600118559204021e-05,0.002483292007630232,0.000402863131906141,9.458466982528501e-06,0.0035770768596984012,0.0018593225723209689,0.0022696128232162793,0.003026272985766205,0.0009655084848629263,0.001243591948410677,4.52046661335694e-05,0.00015992918332292816,0.00012638107511109406,4.459316802087403e-05,0.0008656368754410853,0.0030774134962377546,0.0011279415624073474,0.0010333709393189363,0.0009879535166409134,0.0015403977955236498,0.002039200651229386,0.0002458615970851092,1.0328601378420457e-05,9.832778990344674e-05,0.0001533053442858551,0.00278622667873109,0.0018824330797868652,0.004768122575526907,0.0038898155612674284,1.6159451746530756e-05,0.001973056591960443,0.0015326924414635654,0.0008231836199025695,1.7067158316976615e-05,4.225619868796118e-05,0.002967384913922629,0.0003318945483268756
nan,nan,nan,nan,nan,nan,nan,nan,nan,nan,nan,nan,nan,nan,nan,nan,nan,nan,nan,nan,nan,nan,nan,nan,nan,nan,nan,nan,0.004103915733598322,0.0015293748908101659,0.0008755598555907585,0.00016571596680525774,0.0004860725722801216,0.0012111290475162128,0.0014231888071629564,0.0014919360894790367,0.00031992361659388186,0.002052718785065343,0.0016677046329402973,0.0001774325493888887,0.0002194244816241161,0.0006005725857838292,0.0004978210557590916,0.0018127520256873294,2.303825601678213e-05,0.0009668263352873324,0.0009275770174459756,0.001037230275121472,0.001305548533213188,0.0021719412488063476,4.2740800209057166e-05,0.001600668578716164,3.6132000921109427e-05,0.0016758120711397077,0.0008187654381631389,0.0017463058424648438,0.0010799708165981287,0.0005124729572126443,0.0006921997352641177,0.0014432747360040206,0.000785256402144858,0.0017232849121768712,0.0011075326866088163,3.251127718324105e-05,0.0014332779031413923
nan,nan,nan,nan,nan,nan,nan,nan,nan,nan,nan,nan,nan,nan,nan,nan,nan,nan,nan,nan,nan,nan,nan,nan,nan,nan,nan,nan,nan,0.002702630796445016,0.000483662655612365,0.00022359182753848737,0.00025589371576664976,0.0005401053775044086,0.00014185866077271275,0.0008134412664791894,5.402162891930959e-07,0.0007028828043241646,1.4907311272746502e-07,0.00030732191606159127,0.00025998072841402055,0.00023019622612055617,0.003913610452089044,0.0007152033137833137,0.00020362162391551818,2.0238665852281988e-06,3.912710822067229e-06,2.2116642650849677e-05,0.0022037067522520815,0.000188493732503989,1.54234491270016e-05,0.0005035200974812558,0.0005533898825627552,0.00033702402663878255,0.0005098028620902029,0.0005920059115855516,7.5381336361548405e-06,0.0013545243236854712,0.0004013869852017323,0.000161745066994061,0.003996005241795438,0.001019492447181113,0.0017903564979100475,0.00019118359029404651,0.00015169988112745064
nan,nan,nan,nan,nan,nan,nan,nan,nan,nan,nan,nan,nan,nan,nan,nan,nan,nan,nan,nan,nan,nan,nan,nan,nan,nan,nan,nan,nan,nan,0.0005579091819155666,0.00023277053550619205,0.0006654346791434679,0.0015122835679923534,0.0018115806848813018,0.0010650877867460341,0.00221102312874493,0.0006349448737190459,1.2490620856264476e-05,0.0008270038486989109,3.2617278022232845e-06,0.00031686378477991837,0.00026625814851571395,0.002379681725330634,0.0004130467334022625,0.0014599784168736864,0.0014775890048684612,0.001273233641585178,0.0001241855533762906,1.4525207414327188e-05,0.0003633869245832135,0.0007264834131643041,0.0005112537726073812,0.0021776567933846857,0.002293650777977311,4.140673160712941e-05,0.0004656255652947108,8.506767424937137e-05,0.00016040244211741348,0.003635658697192967,0.001546300283284901,3.130375453284328e-05,0.0013691342745056996,4.8737880489246717e-05,0.0018260145195861564
nan,nan,nan,nan,nan,nan,nan,nan,nan,nan,nan,nan,nan,nan,nan,nan,nan,nan,nan,nan,nan,nan,nan,nan,nan,nan,nan,nan,nan,nan,nan,0.0003282792455139504,0.00142413460436408,0.0004439743496397993,0.0003062331550154746,0.003551622060931438,1.079053340513578e-05,6.826301013776964e-06,0.00159890270284749,0.00034731905776655826,0.00012782571452048502,0.00017568672297723714,3.622836113197428e-05,0.0013268198281191504,0.0008442021317551413,0.001070294363262498,0.00028270925289353594,5.9613382992978945e-05,3.679867059549618e-05,9.44939832577673e-05,0.0005865732441463193,0.0003700930871880699,0.002346472337886228,0.0002158919855843074,0.0004665637089836385,0.00017616844881080328,0.0005290100816217457,0.0030728179712647035,0.0001439706340018632,6.473552067724376e-06,6.555775324082997e-06,0.0005128222988206457,0.002623028845962266,9.229359346367655e-05,9.50620497095406e-06
nan,nan,nan,nan,nan,nan,nan,nan,nan,nan,nan,nan,nan,nan,nan,nan,nan,nan,nan,nan,nan,nan,nan,nan,nan,nan,nan,nan,nan,nan,nan,nan,5.164491450078312e-06,0.00010316684744675694,0.0003606029911043988,3.352253073534207e-07,2.9415791891872745e-06,0.0006609889890337868,6.182364376350757e-05,0.0031504513794649285,5.640605795483665e-06,6.754799207926943e-05,0.00010934502906456777,0.0038601677445019218,0.0017796776411822955,0.00024019819886425734,0.0012201527296206041,0.0018223049167405856,0.0024630420205390456,9.592345239559399e-05,0.00042758855606880636,3.301579408687848e-05,1.0540615559576768e-06,5.5324755973396066e-05,0.00011411737659465836,0.00015473008171531263,0.00042168623550601183,0.000255717269106517,0.0023768401666739007,0.0003920611358946633,0.0001254443898650634,2.4698270982213258e-05,0.0015804657693406115,9.064872345355812e-06,5.161464797487723e-06
nan,nan,nan,nan,nan,nan,nan,nan,nan,nan,nan,nan,nan,nan,nan,nan,nan,nan,nan,nan,nan,nan,nan,nan,nan,nan,nan,nan,nan,nan,nan,nan,nan,0.0005156135044373331,0.001015008239672624,0.00263411440961128,4.454975074890251e-05,0.0006664909252717308,1.3226401646940664e-08,0.0028051243535377555,4.160735651528326e-05,0.0009135584314141339,0.0002639094054690634,4.497335749129444e-05,0.0003951624485600256,0.0019360346425018563,5.601955572369013e-06,1.855862638590391e-05,5.5709784842199705e-05,0.0005770757361080786,2.0212352639787467e-05,0.000371156950397784,0.001384544689309946,0.00031562214418644067,0.002040876181684966,0.0006111497289202669,5.5355253495889184e-06,0.00023745864021225047,0.0021426765550454203,0.0025230328415914343,0.001859308223045584,0.0021151789235110447,0.0018003810891776457,1.941497854617819e-05,0.0001250132653557407
nan,nan,nan,nan,nan,nan,nan,nan,nan,nan,nan,nan,nan,nan,nan,nan,nan,nan,nan,nan,nan,nan,nan,nan,nan,nan,nan,nan,nan,nan,nan,nan,nan,nan,0.0014078209225892853,0.0014754578271547526,0.00029811393811349544,1.4686858646470192e-05,9.60946235304564e-05,0.00019256947278557105,0.0015122835679923534,0.002759567777033538,0.0020091020419011154,0.0017908585428879243,0.00025876662986428807,0.0011619275389643177,0.0011744472294444848,0.0015118954272298807,0.0006387071297489493,0.0006359756435476817,0.0016282246328501876,0.0015823946774747093,3.0070254122233326e-05,9.002527325914552e-05,0.0012111290475162128,0.0017255610834556775,0.0010697929111489221,0.003535451178087621,0.000723831759971506,0.00036267490490725444,0.0012230755950771758,5.884694772883262e-05,0.001096962791318927,0.0017403978674864658,0.0014177483576965162
nan,nan,nan,nan,nan,nan,nan,nan,nan,nan,nan,nan,nan,nan,nan,nan,nan,nan,nan,nan,nan,nan,nan,nan,nan,nan,nan,nan,nan,nan,nan,nan,nan,nan,nan,0.0017635725127390825,1.7093537856631575e-05,0.00012497656913683,0.0019899749991216954,0.003513639058958513,3.748389433659619e-05,0.00024735051019327296,0.002469781774236498,0.0004838536032535276,0.0001350079893824458,0.0013607350459406756,0.0004452241826307327,0.0044048580025225804,0.0015265289543834487,0.000477902630926038,0.0002203001600079637,0.001061341110212946,0.000818575757257242,1.76396324532225e-07,0.0014231888071629564,4.8225309498683895e-06,0.0012446322315410293,0.00158251865409045,0.0014831159944533089,9.321909853998778e-05,0.0028503021998176844,1.8241630025443212e-06,0.0037955305330063236,7.539502533965131e-06,0.0017369788091668547
nan,nan,nan,nan,nan,nan,nan,nan,nan,nan,nan,nan,nan,nan,nan,nan,nan,nan,nan,nan,nan,nan,nan,nan,nan,nan,nan,nan,nan,nan,nan,nan,nan,nan,nan,nan,6.50113472977575e-05,6.043455902407193e-05,0.0021034520780479986,0.001960617979731496,1.0926646034770003e-05,2.1982745737477132e-05,0.002095807799327012,0.0023082613724783587,7.175581381969308e-05,0.001425008296116887,0.0014419976098324506,0.0012446233619216294,0.0001610710692278201,3.5448899022697545e-05,2.4064602152533414e-05,0.0008356862808764957,0.0027259188944271867,0.0021148429525872908,0.00026847180709065673,2.4595042988617675e-05,0.001300868122418793,0.004770232176488784,0.00020227518154905153,4.6317151549500085e-05,0.0015082511673178707,1.6956833286075017e-05,0.0013373111227772902,3.0324321256539254e-05,0.0014325098317776283
nan,nan,nan,nan,nan,nan,nan,nan,nan,nan,nan,nan,nan,nan,nan,nan,nan,nan,nan,nan,nan,nan,nan,nan,nan,nan,nan,nan,nan,nan,nan,nan,nan,nan,nan,nan,nan,0.008133866436321626,0.000634359784044369,4.871116671563537e-05,0.00010375093724742514,0.00020072347569304242,0.00045951242045703987,5.919949708924167e-05,0.00041957845307721104,2.9822976639154786e-06,0.0002559769810313112,0.002558939755423036,0.00018245216221883756,0.00011958252066481033,0.0001456335227122509,0.0004780981728208633,1.7649612896916568e-05,1.5546361549648026e-08,0.0003486176555310184,0.0004962935147645017,0.0002633764173526505,0.0005862529893410279,0.0020259407010274253,0.0008306649903933852,4.651419052846886e-05,0.0018504498054505829,0.0032718057591342065,0.00019146282883700607,0.002510711308823307
nan,nan,nan,nan,nan,nan,nan,nan,nan,nan,nan,nan,nan,nan,nan,nan,nan,nan,nan,nan,nan,nan,nan,nan,nan,nan,nan,nan,nan,nan,nan,nan,nan,nan,nan,nan,nan,nan,0.0004923030427543805,0.0005373584322971382,0.00028526032113070733,1.1731925119331335e-05,0.0006845041862955975,0.00010021549824057486,0.005182496303066477,4.818320166122348e-06,7.560969436255239e-06,0.0016680343020563464,0.0022304624066464295,0.0003452628859527781,0.00044932397491859443,0.0003859901145379477,0.00038396927123612585,0.0005058884042873996,0.002052718785065343,0.00018095267704460304,3.865418702212954e-06,0.002328223897402222,4.090196282093773e-05,0.00018177925169924532,0.002078657575994746,1.003377448326484e-05,5.240772362672168e-07,0.00016037014601701818,0.00011395295498697306
nan,nan,nan,nan,nan,nan,nan,nan,nan,nan,nan,nan,nan,nan,nan,nan,nan,nan,nan,nan,nan,nan,nan,nan,nan,nan,nan,nan,nan,nan,nan,nan,nan,nan,nan,nan,nan,nan,nan,0.002226384385100119,0.0021657682774624096,0.0018570999403751051,0.0030371647424374103,0.00019852280663742552,0.00015230302545629593,0.0015890098917088669,0.0017993058053234676,0.0013784239334630763,0.0012640847793755226,0.0008422542998093477,0.0019958074227744704,0.00039941519154899045,7.559498709909367e-06,0.0024127903548207047,0.0016191226232428382,0.0001372456674338518,0.0014438418234768513,0.0018702879438586798,0.0017435997459659953,8.736770807664635e-09,7.597924945253775e-05,0.002493918577091688,0.0014863478154989542,0.00015030578748625802,0.002006549472956015
nan,nan,nan,nan,nan,nan,nan,nan,nan,nan,nan,nan,nan,nan,nan,nan,nan,nan,nan,nan,nan,nan,nan,nan,nan,nan,nan,nan,nan,nan,nan,nan,nan,nan,nan,nan,nan,nan,nan,nan,1.4280676324326212e-07,7.3450372453338e-05,0.00031415153130016763,0.0012835258626452686,0.0009430988977445357,0.0023868376985702326,0.0015120026058223115,0.001300849569455119,9.357362314034177e-05,0.00011126376952347392,0.0029322199130955087,0.0021244225417402503,0.00039784675985560713,0.0019041294237020657,0.0015655910135435936,6.151182960417865e-05,0.0013609121122933332,0.0017497585418180057,0.0016346985231308377,0.0018879874158837418,0.0015831122136722026,0.0003622648175680496,0.0013998758579363976,0.00029625217512026117,1.8151197049268286e-05
nan,nan,nan,nan,nan,nan,nan,nan,nan,nan,nan,nan,nan,nan,nan,nan,nan,nan,nan,nan,nan,nan,nan,nan,nan,nan,nan,nan,nan,nan,nan,nan,nan,nan,nan,nan,nan,nan,nan,nan,nan,0.00043369599624595027,4.493322342589984e-05,0.00027548050525433743,0.0004130467334022625,0.0014599784168736864,0.00027302690718743455,0.001273233641585178,0.0016445513365136435,7.477999043116382e-05,0.0003633869245832135,0.0020678033040323024,0.0005112537726073812,1.4728423660031234e-05,0.0002194244816241161,4.140673160712941e-05,0.0004656255652947108,0.0017071275008276432,0.0015961143336988926,2.7992041425075846e-05,0.00020341495496975048,0.002247437293879338,0.0013691342745056996,4.8737880489246717e-05,0.0018260145195861564
nan,nan,nan,nan,nan,nan,nan,nan,nan,nan,nan,nan,nan,nan,nan,nan,nan,nan,nan,nan,nan,nan,nan,nan,nan,nan,nan,nan,nan,nan,nan,nan,nan,nan,nan,nan,nan,nan,nan,nan,nan,nan,0.00046163879170931557,0.00045044286963404236,2.500381590009928e-05,0.0007413677306932415,0.0006990589389769578,1.414409399196197e-05,0.0007863171375330905,0.00029014226302127426,0.0002684006462799904,0.0011824624096519014,0.0006288331264478664,8.033976646830716e-05,9.926267569497599e-05,0.0011532300873303828,0.002351244906216929,8.761873108063904e-06,0.0007057428582942142,0.0002788571729219641,0.0023621518519857773,0.0006873116104406598,0.0009838103497514187,4.783740177943899e-05,0.0001347220775246243
nan,nan,nan,nan,nan,nan,nan,nan,nan,nan,nan,nan,nan,nan,nan,nan,nan,nan,nan,nan,nan,nan,nan,nan,nan,nan,nan,nan,nan,nan,nan,nan,nan,nan,nan,nan,nan,nan,nan,nan,nan,nan,nan,0.00011826366492287241,5.7551398455167425e-05,2.6178311547801354e-06,0.0019568979992080704,0.0016547133058228318,0.002210442467687832,0.0001977025357128473,9.108318083064054e-05,0.002877982961100668,0.0013694900355117965,0.0030565933592026162,0.0004978210557590916,0.000601572815869712,0.0017398084356484607,8.301404263097609e-05,0.002136288846614927,0.00016669819105083426,1.854682791716394e-05,0.0005607440751923743,0.0017953809251402147,1.7289237015698548e-05,0.00013080003889237533
nan,nan,nan,nan,nan,nan,nan,nan,nan,nan,nan,nan,nan,nan,nan,nan,nan,nan,nan,nan,nan,nan,nan,nan,nan,nan,nan,nan,nan,nan,nan,nan,nan,nan,nan,nan,nan,nan,nan,nan,nan,nan,nan,nan,0.0005419343344085799,3.6360273444029414e-05,0.0017465113775878107,0.0014879828680560113,8.218259320787654e-08,0.00030861275943620754,0.003570477147155356,0.002517148289301534,5.657855789898518e-05,0.0002071084079898048,0.0018127520256873294,0.00028823468704383166,0.0015611091127951241,0.002042235567862467,0.0018985363328416743,0.0022162511091814267,1.0847519185979542e-05,0.002757811803957807,0.001608725149826805,0.002833651742394927,2.497324969407528e-05
nan,nan,nan,nan,nan,nan,nan,nan,nan,nan,nan,nan,nan,nan,nan,nan,nan,nan,nan,nan,nan,nan,nan,nan,nan,nan,nan,nan,nan,nan,nan,nan,nan,nan,nan,nan,nan,nan,nan,nan,nan,nan,nan,nan,nan,0.0002090948879891449,4.509182616024242e-05,0.0011552304271779906,0.002330142220211318,0.000126246231554506,7.770440125304885e-05,4.384153915278476e-06,0.00012474584646680791,0.0006006581956683456,0.00027596978680145503,2.9473340981914102e-05,0.0001512202120460101,0.00024591056928924303,5.640208364694537e-06,0.0015333219973815786,0.00029346715690031745,0.0003707313513687286,0.0001339735038783487,0.0003736070862926724,3.1880112170910994e-05
nan,nan,nan,nan,nan,nan,nan,nan,nan,nan,nan,nan,nan,nan,nan,nan,nan,nan,nan,nan,nan,nan,nan,nan,nan,nan,nan,nan,nan,nan,nan,nan,nan,nan,nan,nan,nan,nan,nan,nan,nan,nan,nan,nan,nan,nan,0.0011384587891244912,0.0009981665172192897,0.00073474157858883,0.0005555771762109528,0.0038210124281620136,0.0015265129456083827,0.0039496345949252675,0.0001251426410879553,0.0011734539605450678,7.203929056144367e-05,0.0010384836358524083,0.00383370350253875,0.001218249992046372,0.0013795219961133345,0.0011848462464293939,0.0016407838235940003,0.0010644583687620076,6.275763442389606e-05,0.0032133119645010996
nan,nan,nan,nan,nan,nan,nan,nan,nan,nan,nan,nan,nan,nan,nan,nan,nan,nan,nan,nan,nan,nan,nan,nan,nan,nan,nan,nan,nan,nan,nan,nan,nan,nan,nan,nan,nan,nan,nan,nan,nan,nan,nan,nan,nan,nan,nan,0.001008122054010575,0.0007013744994986123,3.180044520531746e-05,0.0004214300595286683,0.0015453205135953396,1.9392002294390165e-05,0.0017624247090828784,0.0011861610099623877,0.0016835205430522928,0.0010490527323463391,0.0005961946106073199,0.0012316931437150818,0.001395711870830314,0.0008914934108802633,0.001661688250535666,0.0013243419235978648,0.0014044865942278721,0.001386199353623449
nan,nan,nan,nan,nan,nan,nan,nan,nan,nan,nan,nan,nan,nan,nan,nan,nan,nan,nan,nan,nan,nan,nan,nan,nan,nan,nan,nan,nan,nan,nan,nan,nan,nan,nan,nan,nan,nan,nan,nan,nan,nan,nan,nan,nan,nan,nan,nan,0.0011011239033811796,0.002266526738540572,0.002643828254454067,0.0013275440797968717,0.00170688514842332,0.0026081799659292545,0.001037230275121472,0.0014378765239603426,0.0009245585443619662,0.001018254208128792,0.001074390732818341,0.001207336883876576,0.0010466911510742113,0.0014204852356255607,0.0009463297949517198,0.0014492723346339307,0.0011996622106762629
nan,nan,nan,nan,nan,nan,nan,nan,nan,nan,nan,nan,nan,nan,nan,nan,nan,nan,nan,nan,nan,nan,nan,nan,nan,nan,nan,nan,nan,nan,nan,nan,nan,nan,nan,nan,nan,nan,nan,nan,nan,nan,nan,nan,nan,nan,nan,nan,nan,1.1479742292505689e-05,0.001199761877363306,0.001723987174912771,0.0022889160926916445,0.0018078659133006483,0.0006092862475956156,0.0018866847195307495,0.0011479164151410135,0.00035468089269016404,0.0005030995723937659,0.0015488255100995709,0.001318919335367098,1.2664935024285987e-05,0.0011781367831519291,4.61349351740089e-06,0.0015377267323472739
nan,nan,nan,nan,nan,nan,nan,nan,nan,nan,nan,nan,nan,nan,nan,nan,nan,nan,nan,nan,nan,nan,nan,nan,nan,nan,nan,nan,nan,nan,nan,nan,nan,nan,nan,nan,nan,nan,nan,nan,nan,nan,nan,nan,nan,nan,nan,nan,nan,nan,2.688747486288752e-06,0.000669712061335852,8.158944942044326e-05,0.000701689083835325,0.0006631987140287823,0.00015301219596022554,0.0023962785537773356,0.0009729039795293632,2.797666623895539e-05,0.00033738966616709285,6.617046377708389e-05,0.0003491915871388323,0.00042672026316064953,0.0001307960782782145,0.003595657273025056
nan,nan,nan,nan,nan,nan,nan,nan,nan,nan,nan,nan,nan,nan,nan,nan,nan,nan,nan,nan,nan,nan,nan,nan,nan,nan,nan,nan,nan,nan,nan,nan,nan,nan,nan,nan,nan,nan,nan,nan,nan,nan,nan,nan,nan,nan,nan,nan,nan,nan,nan,0.0011644249262039135,0.0003328750491212094,0.00019161348557062086,0.002121552294948952,0.00010285909215517734,0.0018092830673684904,0.0010253729296684768,7.340247788813842e-05,5.3174933473513307e-05,4.979591150999425e-05,3.5811750879076656e-05,0.0006158515918318635,0.003434562129267408,0.0007393532062623157
nan,nan,nan,nan,nan,nan,nan,nan,nan,nan,nan,nan,nan,nan,nan,nan,nan,nan,nan,nan,nan,nan,nan,nan,nan,nan,nan,nan,nan,nan,nan,nan,nan,nan,nan,nan,nan,nan,nan,nan,nan,nan,nan,nan,nan,nan,nan,nan,nan,nan,nan,nan,0.0003493818869350038,4.3561327738816946e-05,0.001600668578716164,0.0014073603480497083,0.001389438629164497,0.0038265806912933984,0.0016720898628786495,0.0019342612178303309,0.0016187717130013224,0.0002990927469990832,0.0014296133443865305,9.475964984700518e-05,0.0019188567509128005
nan,nan,nan,nan,nan,nan,nan,nan,nan,nan,nan,nan,nan,nan,nan,nan,nan,nan,nan,nan,nan,nan,nan,nan,nan,nan,nan,nan,nan,nan,nan,nan,nan,nan,nan,nan,nan,nan,nan,nan,nan,nan,nan,nan,nan,nan,nan,nan,nan,nan,nan,nan,nan,0.0005833190662567042,3.6132000921109427e-05,4.0270903259967255e-05,0.0017957661700100502,0.00016086629526271628,0.003150636379295472,0.0026093409553008423,0.002131555851843866,0.0006720943431271843,0.0045595641701921845,0.00010324383021851794,7.201320911068611e-05
nan,nan,nan,nan,nan,nan,nan,nan,nan,nan,nan,nan,nan,nan,nan,nan,nan,nan,nan,nan,nan,nan,nan,nan,nan,nan,nan,nan,nan,nan,nan,nan,nan,nan,nan,nan,nan,nan,nan,nan,nan,nan,nan,nan,nan,nan,nan,nan,nan,nan,nan,nan,nan,nan,7.994414460565173e-05,0.00014439813095834235,0.0014504119117833471,0.0018798771116434038,0.0017522526643918334,1.5921051653945564e-07,0.001529224176274798,0.0001862114353959838,0.0014932012694010574,0.001048900987473745,6.081897285826756e-11
nan,nan,nan,nan,nan,nan,nan,nan,nan,nan,nan,nan,nan,nan,nan,nan,nan,nan,nan,nan,nan,nan,nan,nan,nan,nan,nan,nan,nan,nan,nan,nan,nan,nan,nan,nan,nan,nan,nan,nan,nan,nan,nan,nan,nan,nan,nan,nan,nan,nan,nan,nan,nan,nan,nan,3.922957265424175e-05,0.0012913287275016351,0.0005124729572126443,0.0012711085676306042,0.0014432747360040206,0.000785256402144858,0.0017232849121768712,0.0011075326866088163,0.00176140253729888,0.0003575816237153956
nan,nan,nan,nan,nan,nan,nan,nan,nan,nan,nan,nan,nan,nan,nan,nan,nan,nan,nan,nan,nan,nan,nan,nan,nan,nan,nan,nan,nan,nan,nan,nan,nan,nan,nan,nan,nan,nan,nan,nan,nan,nan,nan,nan,nan,nan,nan,nan,nan,nan,nan,nan,nan,nan,nan,nan,0.0001634338812787133,0.0019633668300886686,0.0018275268455247636,9.064624421797216e-06,0.0017668715205600945,0.0026362767737813575,0.0047681573512582094,0.00270729414325105,6.791395906088341e-06
nan,nan,nan,nan,nan,nan,nan,nan,nan,nan,nan,nan,nan,nan,nan,nan,nan,nan,nan,nan,nan,nan,nan,nan,nan,nan,nan,nan,nan,nan,nan,nan,nan,nan,nan,nan,nan,nan,nan,nan,nan,nan,nan,nan,nan,nan,nan,nan,nan,nan,nan,nan,nan,nan,nan,nan,nan,0.0008817575221997063,0.00111947507085797,0.0012610830360832237,0.0012471943919501486,0.0014888443182444059,0.0017719213118921426,0.0015196578717385754,0.00125289757047515
nan,nan,nan,nan,nan,nan,nan,nan,nan,nan,nan,nan,nan,nan,nan,nan,nan,nan,nan,nan,nan,nan,nan,nan,nan,nan,nan,nan,nan,nan,nan,nan,nan,nan,nan,nan,nan,nan,nan,nan,nan,nan,nan,nan,nan,nan,nan,nan,nan,nan,nan,nan,nan,nan,nan,nan,nan,nan,0.000416505926054775,0.0020543231293126745,0.001363874234093837,0.0019360802323295137,0.001216064920905187,7.855401123873462e-08,0.0015943322251212137
nan,nan,nan,nan,nan,nan,nan,nan,nan,nan,nan,nan,nan,nan,nan,nan,nan,nan,nan,nan,nan,nan,nan,nan,nan,nan,nan,nan,nan,nan,nan,nan,nan,nan,nan,nan,nan,nan,nan,nan,nan,nan,nan,nan,nan,nan,nan,nan,nan,nan,nan,nan,nan,nan,nan,nan,nan,nan,nan,0.00026537972877108487,0.0006618241254244386,0.0018029375924469575,0.0011485739966453157,1.3129718818631209e-05,0.0014938435116399744
nan,nan,nan,nan,nan,nan,nan,nan,nan,nan,nan,nan,nan,nan,nan,nan,nan,nan,nan,nan,nan,nan,nan,nan,nan,nan,nan,nan,nan,nan,nan,nan,nan,nan,nan,nan,nan,nan,nan,nan,nan,nan,nan,nan,nan,nan,nan,nan,nan,nan,nan,nan,nan,nan,nan,nan,nan,nan,nan,nan,0.0014588055090003994,4.694237330210624e-06,0.0012958784926375864,1.2671922925156844e-05,8.521582634170889e-05
nan,nan,nan,nan,nan,nan,nan,nan,nan,nan,nan,nan,nan,nan,nan,nan,nan,nan,nan,nan,nan,nan,nan,nan,nan,nan,nan,nan,nan,nan,nan,nan,nan,nan,nan,nan,nan,nan,nan,nan,nan,nan,nan,nan,nan,nan,nan,nan,nan,nan,nan,nan,nan,nan,nan,nan,nan,nan,nan,nan,nan,4.3467807125865345e-05,0.0011468925898528001,0.001782227381306534,0.0014486488529071287
nan,nan,nan,nan,nan,nan,nan,nan,nan,nan,nan,nan,nan,nan,nan,nan,nan,nan,nan,nan,nan,nan,nan,nan,nan,nan,nan,nan,nan,nan,nan,nan,nan,nan,nan,nan,nan,nan,nan,nan,nan,nan,nan,nan,nan,nan,nan,nan,nan,nan,nan,nan,nan,nan,nan,nan,nan,nan,nan,nan,nan,nan,0.0015332986019013695,0.0008848044975158603,0.002079525920954552
nan,nan,nan,nan,nan,nan,nan,nan,nan,nan,nan,nan,nan,nan,nan,nan,nan,nan,nan,nan,nan,nan,nan,nan,nan,nan,nan,nan,nan,nan,nan,nan,nan,nan,nan,nan,nan,nan,nan,nan,nan,nan,nan,nan,nan,nan,nan,nan,nan,nan,nan,nan,nan,nan,nan,nan,nan,nan,nan,nan,nan,nan,nan,0.0015654556042406873,0.001287356442800478
nan,nan,nan,nan,nan,nan,nan,nan,nan,nan,nan,nan,nan,nan,nan,nan,nan,nan,nan,nan,nan,nan,nan,nan,nan,nan,nan,nan,nan,nan,nan,nan,nan,nan,nan,nan,nan,nan,nan,nan,nan,nan,nan,nan,nan,nan,nan,nan,nan,nan,nan,nan,nan,nan,nan,nan,nan,nan,nan,nan,nan,nan,nan,nan,0.000573125442994766
nan,nan,nan,nan,nan,nan,nan,nan,nan,nan,nan,nan,nan,nan,nan,nan,nan,nan,nan,nan,nan,nan,nan,nan,nan,nan,nan,nan,nan,nan,nan,nan,nan,nan,nan,nan,nan,nan,nan,nan,nan,nan,nan,nan,nan,nan,nan,nan,nan,nan,nan,nan,nan,nan,nan,nan,nan,nan,nan,nan,nan,nan,nan,nan,nan
